BOOKING_TS,LEDGER_ACCT,AMT,DR_CR,VALUE_DT,PRODUCT,RAIL,CPTY_BIC,REF
2025-02-03 07:00:04,LGR-CB_USD_FED,2881645.9714394966,C,2025-02-03,WIRE,FEDWIRE,CPTYXXXX,HUB0
2025-02-03 07:00:07,LGR-AGT_USD_JPM,1610440.9406209046,C,2025-02-03,ACH,ACH,CPTYXXXX,HUB1
2025-02-03 07:00:07,LGR-NOS_USD_CITI,179883.62172524107,D,2025-02-03,FX_SETTLE,ACH,CPTYXXXX,HUB2
2025-02-03 07:00:14,LGR-NOS_EUR_DB,36841.00399510903,C,2025-02-03,SWEEP,ACH,CPTYXXXX,HUB3
2025-02-03 07:00:22,LGR-CB_EUR_ECB,1944272.1095767217,C,2025-02-03,WIRE,FEDWIRE,CPTYXXXX,HUB4
2025-02-03 07:00:32,LGR-NOS_EUR_DB,36538.17491803768,D,2025-02-03,WIRE,FEDWIRE,CPTYXXXX,HUB5
2025-02-03 07:00:39,LGR-NOS_GBP_HSBC,142360.99767576027,C,2025-02-03,WIRE,FEDWIRE,CPTYXXXX,HUB6
2025-02-03 07:00:44,LGR-NOS_GBP_HSBC,30257.934006913936,C,2025-02-03,WIRE,FEDWIRE,CPTYXXXX,HUB7
2025-02-03 07:00:49,LGR-NOS_USD_CITI,30662.022954523425,C,2025-02-03,ACH,ACH,CPTYXXXX,HUB8
2025-02-03 07:00:51,LGR-AGT_GBP_BARC,13458.025896590574,D,2025-02-03,WIRE,FEDWIRE,CPTYXXXX,HUB9
2025-02-03 07:00:53,LGR-NOS_USD_CITI,124136.04612709195,C,2025-02-03,ACH,ACH,CPTYXXXX,HUB10
2025-02-03 07:01:00,LGR-AGT_GBP_BARC,121869.18242757191,D,2025-02-03,ACH,ACH,CPTYXXXX,HUB11
2025-02-03 07:01:05,LGR-AGT_GBP_BARC,237618.41141470897,D,2025-02-03,FX_SETTLE,ACH,CPTYXXXX,HUB12
2025-02-03 07:01:35,LGR-NOS_EUR_DB,8296.904661869889,D,2025-02-03,ACH,ACH,CPTYXXXX,HUB13
2025-02-03 07:01:37,LGR-AGT_USD_JPM,849795.774727454,C,2025-02-03,FX_SETTLE,ACH,CPTYXXXX,HUB14
2025-02-03 07:01:44,LGR-AGT_GBP_BARC,328738.38655147405,C,2025-02-03,WIRE,FEDWIRE,CPTYXXXX,HUB15
2025-02-03 07:01:46,LGR-NOS_EUR_DB,204540.0083181968,D,2025-02-03,ACH,ACH,CPTYXXXX,HUB16
2025-02-03 07:01:49,LGR-AGT_USD_JPM,451347.6961442282,C,2025-02-03,SWEEP,ACH,CPTYXXXX,HUB17
2025-02-03 07:01:49,LGR-AGT_GBP_BARC,628477.6157890081,C,2025-02-03,SWEEP,ACH,CPTYXXXX,HUB18
2025-02-03 07:01:49,LGR-CB_USD_FED,7974436.737860297,D,2025-02-03,SWEEP,ACH,CPTYXXXX,HUB19
2025-02-03 07:01:52,LGR-AGT_USD_JPM,1310719.355056777,D,2025-02-03,WIRE,FEDWIRE,CPTYXXXX,HUB20
2025-02-03 07:01:58,LGR-AGT_USD_JPM,184462.39207215892,C,2025-02-03,ACH,ACH,CPTYXXXX,HUB21
2025-02-03 07:02:06,LGR-NOS_EUR_DB,68030.57574257288,C,2025-02-03,WIRE,FEDWIRE,CPTYXXXX,HUB22
2025-02-03 07:02:07,LGR-AGT_GBP_BARC,358276.98423513264,C,2025-02-03,FX_SETTLE,ACH,CPTYXXXX,HUB23
2025-02-03 07:02:16,LGR-CB_USD_FED,15887352.77959897,C,2025-02-03,FX_SETTLE,ACH,CPTYXXXX,HUB24
2025-02-03 07:02:17,LGR-NOS_GBP_HSBC,18068.156295936802,D,2025-02-03,ACH,ACH,CPTYXXXX,HUB25
2025-02-03 07:02:21,LGR-CB_EUR_ECB,1971683.4725055248,C,2025-02-03,WIRE,FEDWIRE,CPTYXXXX,HUB26
2025-02-03 07:02:25,LGR-CB_EUR_ECB,1708457.9135897167,C,2025-02-03,WIRE,FEDWIRE,CPTYXXXX,HUB27
2025-02-03 07:02:26,LGR-NOS_EUR_DB,83329.8725640553,D,2025-02-03,ACH,ACH,CPTYXXXX,HUB28
2025-02-03 07:02:31,LGR-NOS_EUR_DB,149785.9815389513,D,2025-02-03,SWEEP,ACH,CPTYXXXX,HUB29
2025-02-03 07:03:08,LGR-CB_EUR_ECB,187180.08887419986,C,2025-02-03,WIRE,FEDWIRE,CPTYXXXX,HUB30
2025-02-03 07:03:12,LGR-AGT_USD_JPM,741030.8401657159,C,2025-02-03,SWEEP,ACH,CPTYXXXX,HUB31
2025-02-03 07:03:18,LGR-CB_EUR_ECB,1135741.024121825,D,2025-02-03,WIRE,FEDWIRE,CPTYXXXX,HUB32
2025-02-03 07:03:20,LGR-NOS_GBP_HSBC,244809.62181380464,C,2025-02-03,WIRE,FEDWIRE,CPTYXXXX,HUB33
2025-02-03 07:03:24,LGR-AGT_GBP_BARC,223366.78979340728,D,2025-02-03,WIRE,FEDWIRE,CPTYXXXX,HUB34
2025-02-03 07:03:28,LGR-NOS_GBP_HSBC,27966.13990202164,D,2025-02-03,SWEEP,ACH,CPTYXXXX,HUB35
2025-02-03 07:03:33,LGR-NOS_USD_CITI,71637.57383332064,C,2025-02-03,ACH,ACH,CPTYXXXX,HUB36
2025-02-03 07:03:39,LGR-AGT_USD_JPM,3039641.9521904094,C,2025-02-03,FX_SETTLE,ACH,CPTYXXXX,HUB37
2025-02-03 07:03:39,LGR-NOS_GBP_HSBC,44754.33432698417,C,2025-02-03,WIRE,FEDWIRE,CPTYXXXX,HUB38
2025-02-03 07:03:44,LGR-CB_EUR_ECB,866520.9147472663,D,2025-02-03,FX_SETTLE,ACH,CPTYXXXX,HUB39
2025-02-03 07:03:56,LGR-CB_EUR_ECB,283949.6552225646,D,2025-02-03,WIRE,FEDWIRE,CPTYXXXX,HUB40
2025-02-03 07:04:01,LGR-CB_USD_FED,1119785.527407296,C,2025-02-03,FX_SETTLE,ACH,CPTYXXXX,HUB41
2025-02-03 07:04:14,LGR-CB_USD_FED,125713.47163332519,D,2025-02-03,ACH,ACH,CPTYXXXX,HUB42
2025-02-03 07:04:15,LGR-AGT_GBP_BARC,119643.5510314573,D,2025-02-03,FX_SETTLE,ACH,CPTYXXXX,HUB43
2025-02-03 07:04:36,LGR-CB_EUR_ECB,1764184.099907311,C,2025-02-03,ACH,ACH,CPTYXXXX,HUB44
2025-02-03 07:04:39,LGR-CB_EUR_ECB,1521306.094587289,D,2025-02-03,FX_SETTLE,ACH,CPTYXXXX,HUB45
2025-02-03 07:04:44,LGR-CB_USD_FED,19901233.568198178,D,2025-02-03,ACH,ACH,CPTYXXXX,HUB46
2025-02-03 07:04:48,LGR-AGT_USD_JPM,353873.9412361594,D,2025-02-03,ACH,ACH,CPTYXXXX,HUB47
2025-02-03 07:05:12,LGR-NOS_GBP_HSBC,37658.93485827296,D,2025-02-03,WIRE,FEDWIRE,CPTYXXXX,HUB48
